<?xml version="1.0" encoding="UTF-8"?>
<textbooks xmlns:xsi="http://www.w3.org/2001/XMLSchema-instance" xsi:noNamespaceSchemaLocation="textbook.xsd">
  <textbook>
    <title>Database Design Using Entity-Relationship Diagrams</title>
    <author>
      <firstName>Sikha</firstName>
      <lastName>Bagui</lastName>
    </author>
    <author>
      <firstName>Richard</firstName>
      <lastName>Earp</lastName>
    </author>
    <publisher>
      <name>Auerbach Publications</name>
      <website>https://www.auerbach-pubs.com/</website>
    </publisher>
    <year>2003</year>
    <edition>1st</edition>
    <coverType>Paperback</coverType>
    <isbn>0849315484</isbn>
    <bookWebsite>https://www.auerbach-pubs.com/database-design-using-entity-relationship-diagrams/</bookWebsite>
  </textbook>
  <textbook>
    <title>A Guide to SQL</title>
    <author>
      <firstName>Philip</firstName>
      <lastName>J.</lastName>
      <middleInitial>J.</middleInitial>
    </author>
    <author>
      <firstName>Mary</firstName>
      <lastName>Z.</lastName>
    </author>
    <publisher>
      <name>Course Technology</name>
      <website>https://www.cengage.com/</website>
    </publisher>
    <year>2015</year>
    <edition>10th</edition>
    <coverType>Paperback</coverType>
    <isbn10>0-357-34168-7</isbn10>
    <isbn13>978-0-357-36168-9</isbn13>
  </textbook>
</textbooks>